Fabs#Nasole.99@gmail.com#Nasole99-Fabiana-Nasole-
ValeBasi99#vale.basile95@gmail.com#Basile1995-Valeria-Basile-
Kiwai#f.migliore@gmail.com#francesco1999-Francesco-Migliore-
GiordyShort#g.magnotta@gmail.com#giordano99-Giordano-Magnotta-
yoko#christianR@gmail.com#christianR01-Christan-Raiola-
Ciuppettino#Marco@gmail.com#marco001-Marco-Cazzato-
FraChio#chio@gmail.sad#asdapop0-Francesco-Chiosco-
LeoPau00#leopau@gmail.com#LeoPau00-Leonardo-Paurini-
Juansium#juanpedro@cavl.in.com#JuanCaval0-Juan-Cavalo-
SimoGini#simogini@gmail.com#SimoGini4-Simone-Parigini-
DaniVill#dani@gmial.com#DaniVill0-Daniele-Villano-
FraGreco#fragreco@hotmail.it#FraGrec0-Francesca-Greco-
EmaGravina#egra@gmail.com#EmaGravina0-Emanuele-Gra vina-
