Fabian#Nasole.99@gmail.com#Nasole99-Fabiana-Nasole-
DanieleEsp#e@gmail.com#esposito2001-Daniele-Esposito-
ValeBasi99#vale.basile95@gmail.com#Basile1995-Valeria-Basile-
Kiwai#f.migliore@gmail.com#francesco1999-Francesco-Migliore-
GiordyShort#g.magnotta@gmail.com#giordano99-Giordano-Magnotta-
Yoko#christianR@gmail.com#christianR01-Christan-Raiola-
Ciuppettino#Marco@gmail.com#marco001-Marco-Cazzato-
